{
  "experiment": "fedprox_comparison",
  "dataset": "cifar10",
  "num_clients": 5,
  "num_rounds": 30,
  "local_epochs": 5,
  "learning_rate": 0.01,
  "alpha": 0.1,
  "mu_values": [
    0.0,
    0.1,
    0.5,
    0.9
  ],
  "use_double": true,
  "results": {
    "mu_0.0": {
      "mu": 0.0,
      "method": "FedAvg",
      "final_accuracy": 63.89,
      "best_accuracy": 63.89,
      "final_test_loss": 1.7100327716476194,
      "avg_divergence": 0.823686609892633,
      "total_time_sec": 3706.3530707359314,
      "accuracies": [
        17.72,
        27.19,
        37.16,
        44.23,
        50.25,
        51.06,
        56.26,
        55.93,
        59.03,
        59.56,
        60.36,
        59.6,
        60.31,
        61.64,
        62.97,
        60.99,
        63.07,
        61.75,
        62.96,
        63.34,
        63.04,
        62.93,
        63.32,
        63.47,
        63.14,
        63.04,
        63.18,
        63.45,
        63.55,
        63.89
      ],
      "test_losses": [
        2.18762955131994,
        1.9860969455467679,
        1.7351977864582522,
        1.5492194201183915,
        1.3921895030206408,
        1.3938803809326967,
        1.2474564597249507,
        1.2569016076760195,
        1.1875003528081698,
        1.2032116383222238,
        1.1734347115107329,
        1.2311890013888265,
        1.2235458003185342,
        1.2141834343992655,
        1.1690823754048618,
        1.2804400913388958,
        1.2384282259002302,
        1.385292083777,
        1.302547753395386,
        1.321304336048605,
        1.417800793920561,
        1.4727849390393353,
        1.4708541457811335,
        1.5078101664323016,
        1.552665080149349,
        1.6085244948573556,
        1.6254800486113123,
        1.6569277151836903,
        1.6620212666100744,
        1.7100327716476194
      ],
      "train_losses": [
        0.7064221999191325,
        0.5609264190197847,
        0.4847654017902812,
        0.4387210741195412,
        0.40251902466038303,
        0.3696357542204944,
        0.3419399999731899,
        0.31662136126481355,
        0.29310879619143604,
        0.2702677152733041,
        0.24766942932686256,
        0.22621285271769037,
        0.20645006900251248,
        0.18713592797037376,
        0.16920290864522458,
        0.15021474099602744,
        0.135137741060112,
        0.11928722768093729,
        0.108049311537774,
        0.09633994207062456,
        0.0823391921513266,
        0.07871357442093237,
        0.07016108343212653,
        0.06453190256589783,
        0.056341194857553976,
        0.054236824008115955,
        0.05180608329799097,
        0.04713824478615811,
        0.046222930376774364,
        0.03615148757334801
      ],
      "divergences": [
        1.480365013503087,
        1.2444274031124183,
        1.0584051665651346,
        0.9623522789793103,
        0.9163782249775524,
        0.8940219333277559,
        0.8835224638829136,
        0.8760863246852442,
        0.8744709890703634,
        0.877322621852364,
        0.8842410385648949,
        0.8872707649227436,
        0.8896599476663216,
        0.887903620952026,
        0.8799855160579773,
        0.8701241466054913,
        0.8533804098244511,
        0.8287555439433835,
        0.8031562353451134,
        0.7754908543027963,
        0.7360970435471207,
        0.7059732128860357,
        0.6664008865962971,
        0.6365067516577791,
        0.6105268310665876,
        0.5785054396292755,
        0.5727114444705201,
        0.5357514176780859,
        0.5520249615479368,
        0.488779809558012
      ]
    },
    "mu_0.1": {
      "mu": 0.1,
      "method": "FedProx(\u03bc=0.1)",
      "final_accuracy": 63.01,
      "best_accuracy": 64.06,
      "final_test_loss": 1.2869982582091144,
      "avg_divergence": 0.6673966410597019,
      "total_time_sec": 3069.9381024837494,
      "accuracies": [
        17.24,
        25.17,
        32.84,
        38.63,
        45.04,
        46.19,
        51.57,
        52.55,
        55.38,
        56.06,
        56.54,
        56.29,
        57.07,
        57.79,
        60.77,
        57.61,
        62.07,
        60.35,
        62.24,
        61.88,
        62.31,
        62.3,
        61.33,
        63.5,
        64.06,
        59.24,
        62.66,
        63.62,
        62.96,
        63.01
      ],
      "test_losses": [
        2.193037156066496,
        2.0309955157964517,
        1.8323502742025304,
        1.6713029715805878,
        1.4979677247694205,
        1.502516980190016,
        1.3378037322247696,
        1.3186103938133835,
        1.244087641805836,
        1.2507788239457818,
        1.2381027517226317,
        1.2494564925016358,
        1.220620268670835,
        1.224212361289521,
        1.1347502081983252,
        1.2380021823542546,
        1.1107896044501522,
        1.1936600392888075,
        1.1185333820562993,
        1.1550308945492076,
        1.1705518448559498,
        1.1654537187974308,
        1.235755644776286,
        1.1504225464983375,
        1.1289181415225493,
        1.387854448898539,
        1.2616831687816759,
        1.2271821618034395,
        1.2824752004682451,
        1.2869982582091144
      ],
      "train_losses": [
        0.7767739180739065,
        0.6362922296130651,
        0.5567947255792761,
        0.5079340164760698,
        0.4730248744562383,
        0.4442151974560389,
        0.4216420823748484,
        0.4012526311787249,
        0.38182379952999485,
        0.3637600701434588,
        0.34557190235148905,
        0.3297412951579374,
        0.3140940736031161,
        0.3001952664332863,
        0.28547198462434,
        0.2713816577249305,
        0.25777779276453205,
        0.24435287439342468,
        0.23098446620594176,
        0.2175008939116923,
        0.20501919485137982,
        0.19655589701493148,
        0.18355861543915952,
        0.17226134354055575,
        0.15913099490561283,
        0.1503024901514763,
        0.1414232240437276,
        0.12923433231491588,
        0.12165404298521403,
        0.11101166525475607
      ],
      "divergences": [
        1.177993534800891,
        0.9828750029055984,
        0.840745744925689,
        0.7492916814704748,
        0.6930974066943424,
        0.6612687035490075,
        0.6486104502332363,
        0.6360223609417883,
        0.6287150579498408,
        0.6243123590454964,
        0.6239279284056485,
        0.6221546016444903,
        0.6232218687926101,
        0.625035837758835,
        0.6246701235541475,
        0.628034429642611,
        0.6288090754921647,
        0.6305181167768497,
        0.6318758763479421,
        0.6359912003417817,
        0.6383471588860421,
        0.6333845378069745,
        0.6227110833295113,
        0.6273911511919008,
        0.6206660152056401,
        0.6119248475191299,
        0.6028962437622992,
        0.5888097062852082,
        0.5890728852809961,
        0.5695242412499131
      ]
    },
    "mu_0.5": {
      "mu": 0.5,
      "method": "FedProx(\u03bc=0.5)",
      "final_accuracy": 54.97,
      "best_accuracy": 56.89,
      "final_test_loss": 1.2591684337459594,
      "avg_divergence": 0.3635328611835586,
      "total_time_sec": 3068.749641895294,
      "accuracies": [
        16.27,
        20.52,
        23.9,
        27.82,
        34.03,
        33.14,
        37.75,
        39.48,
        43.74,
        43.42,
        45.47,
        45.13,
        47.17,
        47.74,
        50.4,
        48.08,
        50.99,
        49.63,
        50.92,
        53.0,
        53.91,
        54.17,
        50.89,
        54.9,
        56.17,
        53.56,
        55.09,
        55.8,
        56.89,
        54.97
      ],