{
  "experiment": "scaffold_comparison",
  "dataset": "cifar10",
  "num_clients": 5,
  "num_rounds": 30,
  "local_epochs": 5,
  "learning_rate": 0.01,
  "alpha": 0.1,
  "use_double": true,
  "results": {
    "SCAFFOLD": {
      "method": "SCAFFOLD",
      "final_accuracy": 10.0,
      "best_accuracy": 35.04,
      "final_test_loss": NaN,
      "avg_divergence": NaN,
      "total_time_sec": 20345.380640745163,
      "accuracies": [
        17.69,
        19.54,
        23.63,
        25.73,
        28.62,
        29.13,
        31.45,
        31.09,
        33.44,
        32.65,
        34.8,
        33.27,
        31.15,
        35.04,
        33.32,
        31.38,
        30.87,
        29.31,
        30.71,
        28.99,
        29.22,
        28.94,
        29.49,
        29.04,
        27.21,
        29.01,
        23.46,
        22.92,
        20.67,
        10.0
      ],
      "test_losses": [
        2.1859531328343613,
        2.1854951668303335,
        2.1100210621372537,
        2.074527996260781,
        2.1086187445929965,
        2.2162427659545183,
        2.246757615462727,
        2.46861889580049,
        2.5823762872483136,
        2.968842985781706,
        3.0933102218047184,
        3.7503609397965447,
        4.802727749647671,
        3.8237756241980008,
        5.306995253964995,
        6.713081569076614,
        7.9310165739081695,
        8.998939636294095,
        9.293932325545237,
        14.855079885482457,
        14.53819500453074,
        13.37502079840996,
        14.166109540034302,
        17.766459420920786,
        16.77062015530715,
        13.282258424460514,
        17.631680258809432,
        17.9910764511606,
        24.82070714309539,
        NaN
      ],
      "train_losses": [
        0.7064461406483267,
        0.5412679032894492,
        0.46665547278317776,
        0.418161963248248,
        0.3793336897015741,
        0.34409945841177897,
        0.31355066905409357,
        0.2849270091332549,
        0.25919518295511107,
        0.23368985608348325,
        0.2114024860552687,
        0.19096411011570386,
        0.175525411243972,
        0.1768764536542716,
        0.16208731086315736,
        0.16639436917023306,
        0.17545715351385183,
        0.19082939750139796,
        0.19452915761112222,
        0.18956569922614194,
        0.23332799714689328,
        0.2453727168424109,
        0.2488578526449406,
        0.25954320107388784,
        0.3414659769635452,
        0.37609898561303734,
        0.43853858376677374,
        0.5284487715883331,
        0.5202578474692461,
        NaN
      ],
      "divergences": [
        1.4805758590985119,
        1.8107223755377884,
        2.215759010517544,
        2.612298739221875,
        3.0004660285548277,
        3.3850756045139354,
        3.7722148221617573,
        4.156345250290084,
        4.547110710223402,
        4.934511786578635,
        5.319901523557382,
        5.7003496812488015,
        6.079099941854052,
        6.457018210797611,
        6.811650936530304,
        7.174081549373588,
        7.562101247070804,
        7.9443761684938945,
        8.325583343415152,
        8.71312964303923,
        9.195038156111275,
        9.62762817555413,
        10.0736072053968,
        10.521202672517102,
        11.137763701510393,
        11.763911462110928,
        12.577197695467241,
        13.572250764878357,
        14.602821949052501,
        NaN
      ]
    }
  }
}