{
  "experiment": "fedgh_comparison",
  "dataset": "cifar10",
  "num_clients": 5,
  "num_rounds": 30,
  "local_epochs": 5,
  "learning_rate": 0.01,
  "alpha": 0.05,
  "use_double": true,
  "results": {
    "FedGH": {
      "method": "FedGH (Gradient Harmonization)",
      "final_accuracy": 59.01,
      "best_accuracy": 59.01,
      "final_test_loss": 1.8495216446618303,
      "avg_divergence": 0.7368740425125433,
      "avg_divergence_before_harmonization": 0.7464296355707887,
      "total_conflicts": 218,
      "avg_conflicts_per_round": 7.266666666666667,
      "total_time_sec": 2962.9240398406982,
      "accuracies": [
        17.95,
        28.79,
        35.11,
        37.74,
        40.85,
        43.61,
        45.14,
        44.89,
        48.39,
        49.35,
        49.96,
        51.69,
        50.21,
        53.28,
        52.65,
        54.76,
        53.27,
        54.92,
        54.2,
        55.24,
        56.19,
        56.7,
        56.81,
        57.68,
        56.77,
        57.95,
        57.9,
        58.53,
        58.5,
        59.01
      ],
      "test_losses": [
        2.2932350104756494,
        2.1645511556513535,
        1.988284268513765,
        1.8725618040378247,
        1.7818514116984787,
        1.679260638560248,
        1.6459656649359105,
        1.6817713901281504,
        1.5356420416943617,
        1.518592068284222,
        1.5008936795581582,
        1.470992349575515,
        1.5493557861339537,
        1.4886118091546177,
        1.485220635037717,
        1.4638710441071647,
        1.5804802497636776,
        1.5413548429493116,
        1.6619550672742718,
        1.5994678773789737,
        1.6290821909633604,
        1.6364083287861384,
        1.7178557608780918,
        1.7403656378341352,
        1.7940510718474592,
        1.7855689181783672,
        1.7837524571431889,
        1.8321401979908358,
        1.7669941713476898,
        1.8495216446618303
      ],
      "train_losses": [
        0.5930453324205789,
        0.4591615850605991,
        0.3993460897813443,
        0.3622037826610628,
        0.3317809853482469,
        0.3082274377230697,
        0.28604824077374835,
        0.26521694782119215,
        0.2448308519050908,
        0.22718412732177912,
        0.20909019515919405,
        0.1917026641677363,
        0.1731582374896023,
        0.15761978645207783,
        0.1413096930576549,
        0.12543217538085719,
        0.10970857847765328,
        0.09600357834301834,
        0.08354458922730298,
        0.07447456322105676,
        0.0589628274661745,
        0.05804728527765829,
        0.04850879265512735,
        0.042595812330311254,
        0.04100630786415856,
        0.034631282099701975,
        0.03321380218690574,
        0.02641803725798279,
        0.03690302828454678,
        0.018347025122660756
      ],
      "divergences": [
        1.5448413461638868,
        1.2452137284704818,
        1.0508577574638431,
        0.9470959028624077,
        0.890410573102464,
        0.8528933854554236,
        0.8313938739877604,
        0.8157560364592941,
        0.8080452782236156,
        0.8036240393684263,
        0.7998229105638117,
        0.7965072931599546,
        0.7925494760241043,
        0.7882129737212349,
        0.7779119291373233,
        0.756778003987748,
        0.7359869576249105,
        0.7064880765129657,
        0.6728008047558212,
        0.6437755100295467,
        0.5993809236632692,
        0.5766316207567238,
        0.5307614756985981,
        0.4899115363108694,
        0.48287960217947123,
        0.45127061621263065,
        0.45968825762453613,
        0.4142029754191089,
        0.4594249654629185,
        0.3811034449731469
      ],
      "divergences_before": [
        1.5448413461638868,
        1.2455189640362767,
        1.0518891429619148,
        0.9491941689119043,
        0.8929801491625451,
        0.8565420568438251,
        0.835499550810202,
        0.8196723829367757,
        0.812258840639118,
        0.8083215570853103,
        0.804189923014221,
        0.8016332689828947,
        0.7978259798083107,
        0.7944852634173215,
        0.7851828103829631,
        0.7647620704628156,
        0.7444471128852934,
        0.716095718723756,
        0.6836338128798987,
        0.6557594484910612,
        0.6099044865555154,
        0.5923120914228621,
        0.5486734081175103,
        0.5096985870023574,
        0.5027034936028401,
        0.4731987698701891,
        0.47912749872074245,
        0.43722757598481515,
        0.47448119938053546,
        0.40082838786600083
      ],
      "conflicts": [
        0,
        2,
        3,
        4,
        4,
        5,
        5,
        5,
        6,
        7,
        8,
        8,
        9,
        8,
        9,
        9,
        9,
        9,
        9,
        9,
        9,
        9,
        9,
        9,
        9,
        9,
        9,
        9,
        9,
        9
      ]
    }
  }
}